time,code,name,stage,reason,detail
2026-04-24 20:56:43,000001,,daily_cache,no_kline_data,"status=after_close, rows=1"
2026-04-24 20:56:44,000002,,daily_cache,no_kline_data,"status=after_close, rows=1"
2026-04-24 20:56:46,000006,,daily_cache,no_kline_data,"status=after_close, rows=1"
2026-04-24 20:56:48,000007,,daily_cache,no_kline_data,"status=after_close, rows=1"
2026-04-24 20:56:53,000009,,daily_cache,no_kline_data,"status=after_close, rows=1"
2026-04-24 20:56:54,000010,,daily_cache,no_kline_data,"status=after_close, rows=1"
2026-04-24 20:56:56,000011,,daily_cache,no_kline_data,"status=after_close, rows=1"
2026-04-24 20:56:58,000012,,daily_cache,no_kline_data,"status=after_close, rows=1"
2026-04-24 20:57:01,000014,,daily_cache,no_kline_data,"status=after_close, rows=1"
2026-04-24 20:57:03,000016,,daily_cache,no_kline_data,"status=after_close, rows=1"
2026-04-24 20:57:05,000017,,daily_cache,no_kline_data,"status=after_close, rows=1"
2026-04-24 20:57:06,000019,,daily_cache,no_kline_data,"status=after_close, rows=1"
2026-04-24 20:57:08,000020,,daily_cache,no_kline_data,"status=after_close, rows=1"
2026-04-24 20:57:10,000021,,daily_cache,no_kline_data,"status=after_close, rows=1"
2026-04-24 20:57:13,000025,,daily_cache,no_kline_data,"status=after_close, rows=1"
2026-04-24 20:57:15,000026,,daily_cache,no_kline_data,"status=after_close, rows=1"
2026-04-24 20:57:17,000027,,daily_cache,no_kline_data,"status=after_close, rows=1"
2026-04-24 20:57:19,000028,,daily_cache,no_kline_data,"status=after_close, rows=1"
2026-04-24 20:57:21,000029,,daily_cache,no_kline_data,"status=after_close, rows=1"
2026-04-24 20:57:23,000030,,daily_cache,no_kline_data,"status=after_close, rows=1"
2026-04-24 20:57:27,000032,,daily_cache,no_kline_data,"status=after_close, rows=1"
2026-04-24 20:57:29,000034,,daily_cache,no_kline_data,"status=after_close, rows=1"
2026-04-24 20:57:31,000035,,daily_cache,no_kline_data,"status=after_close, rows=1"
2026-04-24 20:57:33,000036,,daily_cache,no_kline_data,"status=after_close, rows=1"
2026-04-24 20:57:35,000037,,daily_cache,no_kline_data,"status=after_close, rows=1"
2026-04-24 20:57:37,000039,,daily_cache,no_kline_data,"status=after_close, rows=1"
2026-04-24 20:57:39,000042,,daily_cache,no_kline_data,"status=after_close, rows=1"
2026-04-24 20:57:41,000045,,daily_cache,no_kline_data,"status=after_close, rows=1"
2026-04-24 20:57:43,000048,,daily_cache,no_kline_data,"status=after_close, rows=1"
2026-04-24 20:57:45,000049,,daily_cache,no_kline_data,"status=after_close, rows=1"
2026-04-24 20:57:47,000050,,daily_cache,no_kline_data,"status=after_close, rows=1"
2026-04-24 20:57:49,000055,,daily_cache,no_kline_data,"status=after_close, rows=1"
2026-04-24 20:57:51,000058,,daily_cache,no_kline_data,"status=after_close, rows=1"
2026-04-24 20:57:53,000059,,daily_cache,no_kline_data,"status=after_close, rows=1"
2026-04-24 20:57:55,000060,,daily_cache,no_kline_data,"status=after_close, rows=1"
2026-04-24 20:57:57,000061,,daily_cache,no_kline_data,"status=after_close, rows=1"
2026-04-24 20:57:59,000062,,daily_cache,no_kline_data,"status=after_close, rows=1"
2026-04-24 20:58:01,000063,,daily_cache,no_kline_data,"status=after_close, rows=1"
2026-04-24 20:58:03,000065,,daily_cache,no_kline_data,"status=after_close, rows=1"
2026-04-24 20:58:05,000066,,daily_cache,no_kline_data,"status=after_close, rows=1"
2026-04-24 20:58:07,000068,,daily_cache,no_kline_data,"status=after_close, rows=1"
2026-04-24 20:58:11,000070,,daily_cache,no_kline_data,"status=after_close, rows=1"
2026-04-24 20:58:13,000078,,daily_cache,no_kline_data,"status=after_close, rows=1"
2026-04-24 20:58:15,000088,,daily_cache,no_kline_data,"status=after_close, rows=1"
2026-04-24 20:58:17,000089,,daily_cache,no_kline_data,"status=after_close, rows=1"
2026-04-24 20:58:19,000090,,daily_cache,no_kline_data,"status=after_close, rows=1"
2026-04-24 20:58:21,000096,,daily_cache,no_kline_data,"status=after_close, rows=1"
2026-04-24 20:58:23,000099,,daily_cache,no_kline_data,"status=after_close, rows=1"
2026-04-24 20:58:25,000100,,daily_cache,no_kline_data,"status=after_close, rows=1"
2026-04-24 20:58:27,000151,,daily_cache,no_kline_data,"status=after_close, rows=1"
2026-04-24 20:58:29,000153,,daily_cache,no_kline_data,"status=after_close, rows=1"
2026-04-24 20:58:31,000155,,daily_cache,no_kline_data,"status=after_close, rows=1"
2026-04-24 20:58:33,000156,,daily_cache,no_kline_data,"status=after_close, rows=1"
2026-04-24 20:58:35,000157,,daily_cache,no_kline_data,"status=after_close, rows=1"
2026-04-24 20:58:37,000158,,daily_cache,no_kline_data,"status=after_close, rows=1"
2026-04-24 20:58:39,000159,,daily_cache,no_kline_data,"status=after_close, rows=1"
2026-04-24 20:58:41,000166,,daily_cache,no_kline_data,"status=after_close, rows=1"
2026-04-24 20:58:43,000301,,daily_cache,no_kline_data,"status=after_close, rows=1"
2026-04-24 20:58:45,000333,,daily_cache,no_kline_data,"status=after_close, rows=1"
2026-04-24 20:58:47,000338,,daily_cache,no_kline_data,"status=after_close, rows=1"
2026-04-24 20:58:50,000400,,daily_cache,no_kline_data,"status=after_close, rows=1"
2026-04-24 20:58:52,000401,,daily_cache,no_kline_data,"status=after_close, rows=1"
2026-04-24 20:58:56,000403,,daily_cache,no_kline_data,"status=after_close, rows=1"
2026-04-24 20:58:58,000404,,daily_cache,no_kline_data,"status=after_close, rows=1"
2026-04-24 20:59:00,000407,,daily_cache,no_kline_data,"status=after_close, rows=1"
2026-04-24 20:59:02,000408,,daily_cache,no_kline_data,"status=after_close, rows=1"
2026-04-24 20:59:04,000409,,daily_cache,no_kline_data,"status=after_close, rows=1"
2026-04-24 20:59:06,000410,,daily_cache,no_kline_data,"status=after_close, rows=1"
2026-04-24 20:59:08,000411,,daily_cache,no_kline_data,"status=after_close, rows=1"
2026-04-24 20:59:10,000415,,daily_cache,no_kline_data,"status=after_close, rows=1"
2026-04-24 20:59:12,000417,,daily_cache,no_kline_data,"status=after_close, rows=1"
2026-04-24 20:59:14,000419,,daily_cache,no_kline_data,"status=after_close, rows=1"
2026-04-24 20:59:16,000420,,daily_cache,no_kline_data,"status=after_close, rows=1"
2026-04-24 20:59:18,000421,,daily_cache,no_kline_data,"status=after_close, rows=1"
2026-04-24 20:59:20,000422,,daily_cache,no_kline_data,"status=after_close, rows=1"
2026-04-24 20:59:22,000423,,daily_cache,no_kline_data,"status=after_close, rows=1"
2026-04-24 20:59:24,000425,,daily_cache,no_kline_data,"status=after_close, rows=1"
2026-04-24 20:59:26,000426,,daily_cache,no_kline_data,"status=after_close, rows=1"
2026-04-24 20:59:30,000428,,daily_cache,no_kline_data,"status=after_close, rows=1"
2026-04-24 20:59:32,000429,,daily_cache,no_kline_data,"status=after_close, rows=1"
2026-04-24 20:59:34,000498,,daily_cache,no_kline_data,"status=after_close, rows=1"
2026-04-24 20:59:38,000501,,daily_cache,no_kline_data,"status=after_close, rows=1"
2026-04-24 20:59:40,000503,,daily_cache,no_kline_data,"status=after_close, rows=1"
2026-04-24 20:59:42,000505,,daily_cache,no_kline_data,"status=after_close, rows=1"
2026-04-24 20:59:44,000506,,daily_cache,no_kline_data,"status=after_close, rows=1"
2026-04-24 20:59:46,000507,,daily_cache,no_kline_data,"status=after_close, rows=1"
2026-04-24 20:59:48,000509,,daily_cache,no_kline_data,"status=after_close, rows=1"
2026-04-24 20:59:50,000510,,daily_cache,no_kline_data,"status=after_close, rows=1"
2026-04-24 20:59:52,000513,,daily_cache,no_kline_data,"status=after_close, rows=1"
2026-04-24 20:59:54,000514,,daily_cache,no_kline_data,"status=after_close, rows=1"
2026-04-24 20:59:56,000516,,daily_cache,no_kline_data,"status=after_close, rows=1"
2026-04-24 21:00:00,000519,,daily_cache,no_kline_data,"status=after_close, rows=1"
2026-04-24 21:00:02,000520,,daily_cache,no_kline_data,"status=after_close, rows=1"
2026-04-24 21:00:04,000521,,daily_cache,no_kline_data,"status=after_close, rows=1"
2026-04-24 21:00:06,000523,,daily_cache,no_kline_data,"status=after_close, rows=1"
2026-04-24 21:58:09,001220,,daily_cache,no_kline_data,"status=after_close, rows=52"
2026-04-24 21:58:11,001221,,daily_cache,no_kline_data,"status=after_close, rows=178"
2026-04-24 21:58:31,001233,,daily_cache,no_kline_data,"status=after_close, rows=100"
2026-04-24 21:58:45,001257,,daily_cache,no_kline_data,"status=after_close, rows=18"
2026-04-24 21:59:07,001280,,daily_cache,no_kline_data,"status=after_close, rows=94"
2026-04-24 21:59:13,001285,,daily_cache,no_kline_data,"status=after_close, rows=124"
2026-04-24 21:59:42,001312,,daily_cache,no_kline_data,"status=after_close, rows=4"
2026-04-24 22:00:02,001325,,daily_cache,no_kline_data,"status=after_close, rows=83"
2026-04-24 22:00:40,001369,,daily_cache,no_kline_data,"status=after_close, rows=75"
2026-04-24 22:00:54,001386,,daily_cache,no_kline_data,"status=after_close, rows=124"
2026-04-24 22:00:58,001388,,daily_cache,no_kline_data,"status=after_close, rows=199"
2026-04-24 22:01:02,001390,,daily_cache,no_kline_data,"status=after_close, rows=221"
2026-04-24 22:01:09,001396,,daily_cache,no_kline_data,"status=after_close, rows=75"
2026-04-24 22:01:11,001400,,daily_cache,no_kline_data,"status=after_close, rows=243"
2026-04-24 22:34:20,002060,,source:sina_history,request_or_parse_failed,"HTTPSConnectionPool(host='money.finance.sina.com.cn', port=443): Read timed out. (read timeout=8)"
2026-04-24 22:34:22,002060,,source:efinance,request_or_parse_failed,"HTTPSConnectionPool(host='push2his.eastmoney.com', port=443): Max retries exceeded with url: /api/qt/stock/kline/get?fields1=f1%2Cf2%2Cf3%2Cf4%2Cf5%2Cf6%2Cf7%2Cf8%2Cf9%2Cf10%2Cf11%2Cf12%2Cf13&fields2=f51%2Cf52%2Cf53%2Cf54%2Cf55%2Cf56%2Cf57%2Cf58%2Cf59%2Cf60%2Cf61&beg=19900101&end=20500101&rtntype=6&secid=0.002060&klt=101&fqt=1 (Caused by ProtocolError('Connection aborted.', RemoteDisconnected('Remote end closed connection without response')))"
2026-04-24 22:34:22,002060,,source:all,no_remote_and_no_cache,所有历史K源失败且无本地缓存
2026-04-24 22:34:22,002060,,daily_cache,no_kline_data,"status=no_data, rows=0"
2026-04-24 22:51:45,002077,,source:sina_history,request_or_parse_failed,"HTTPSConnectionPool(host='money.finance.sina.com.cn', port=443): Read timed out. (read timeout=8)"
2026-04-24 22:51:46,002077,,source:efinance,request_or_parse_failed,"HTTPSConnectionPool(host='push2his.eastmoney.com', port=443): Max retries exceeded with url: /api/qt/stock/kline/get?fields1=f1%2Cf2%2Cf3%2Cf4%2Cf5%2Cf6%2Cf7%2Cf8%2Cf9%2Cf10%2Cf11%2Cf12%2Cf13&fields2=f51%2Cf52%2Cf53%2Cf54%2Cf55%2Cf56%2Cf57%2Cf58%2Cf59%2Cf60%2Cf61&beg=19900101&end=20500101&rtntype=6&secid=0.002077&klt=101&fqt=1 (Caused by ProtocolError('Connection aborted.', RemoteDisconnected('Remote end closed connection without response')))"
2026-04-24 22:51:46,002077,,source:all,no_remote_and_no_cache,所有历史K源失败且无本地缓存
2026-04-24 22:51:46,002077,,daily_cache,no_kline_data,"status=no_data, rows=0"
2026-04-24 23:29:27,002404,,source:tencent,request_or_parse_failed,"HTTPSConnectionPool(host='web.ifzq.gtimg.cn', port=443): Read timed out. (read timeout=10)"
2026-04-25 00:03:22,002459,,source:tencent,request_or_parse_failed,"HTTPSConnectionPool(host='web.ifzq.gtimg.cn', port=443): Read timed out. (read timeout=10)"
2026-04-25 00:19:12,002480,,source:tencent,request_or_parse_failed,"HTTPSConnectionPool(host='web.ifzq.gtimg.cn', port=443): Read timed out. (read timeout=10)"
2026-04-25 01:04:23,003040,,source:tencent,request_or_parse_failed,"HTTPSConnectionPool(host='web.ifzq.gtimg.cn', port=443): Read timed out. (read timeout=10)"
2026-04-25 01:20:54,300015,,source:tencent,request_or_parse_failed,"HTTPSConnectionPool(host='web.ifzq.gtimg.cn', port=443): Read timed out. (read timeout=10)"
2026-04-25 02:38:05,300170,,source:sina_history,request_or_parse_failed,"HTTPSConnectionPool(host='money.finance.sina.com.cn', port=443): Read timed out. (read timeout=8)"
2026-04-25 03:26:37,300283,,source:tencent,request_or_parse_failed,"HTTPSConnectionPool(host='web.ifzq.gtimg.cn', port=443): Read timed out. (read timeout=10)"
2026-04-25 04:55:41,300441,,source:sina_history,request_or_parse_failed,"HTTPSConnectionPool(host='money.finance.sina.com.cn', port=443): Read timed out. (read timeout=8)"
2026-04-25 05:58:53,300545,,source:sina_history,request_or_parse_failed,"HTTPSConnectionPool(host='money.finance.sina.com.cn', port=443): Read timed out. (read timeout=8)"
2026-04-25 06:26:17,300591,,source:tencent,request_or_parse_failed,"HTTPSConnectionPool(host='web.ifzq.gtimg.cn', port=443): Read timed out. (read timeout=10)"
2026-04-25 07:28:19,300679,,source:tencent,request_or_parse_failed,"HTTPSConnectionPool(host='web.ifzq.gtimg.cn', port=443): Read timed out. (read timeout=10)"
2026-04-25 09:11:57,300863,,source:tencent,request_or_parse_failed,"HTTPSConnectionPool(host='web.ifzq.gtimg.cn', port=443): Read timed out. (read timeout=10)"
2026-04-25 09:28:29,300882,,source:tencent,request_or_parse_failed,"HTTPConnectionPool(host='web.ifzq.gtimg.cn', port=80): Read timed out. (read timeout=10)"
2026-04-25 10:44:55,301008,,source:tencent,request_or_parse_failed,"HTTPSConnectionPool(host='web.ifzq.gtimg.cn', port=443): Read timed out. (read timeout=10)"
2026-04-25 12:14:26,301365,,source:sina_history,request_or_parse_failed,"HTTPSConnectionPool(host='money.finance.sina.com.cn', port=443): Read timed out. (read timeout=8)"
2026-04-25 12:31:15,301449,,daily_cache,no_kline_data,"status=yesterday_close, rows=80"
2026-04-25 12:46:47,301491,,daily_cache,no_kline_data,"status=yesterday_close, rows=173"
2026-04-25 13:03:10,301513,,source:tencent,request_or_parse_failed,"HTTPSConnectionPool(host='web.ifzq.gtimg.cn', port=443): Read timed out. (read timeout=10)"
2026-04-25 13:03:10,301513,,daily_cache,no_kline_data,"status=yesterday_close, rows=6"
2026-04-25 13:15:27,301550,,source:tencent,request_or_parse_failed,"HTTPConnectionPool(host='web.ifzq.gtimg.cn', port=80): Read timed out. (read timeout=10)"
2026-04-25 13:15:44,301560,,daily_cache,no_kline_data,"status=yesterday_close, rows=242"
2026-04-25 13:15:46,301563,,daily_cache,no_kline_data,"status=yesterday_close, rows=134"
2026-04-25 13:15:58,301575,,daily_cache,no_kline_data,"status=yesterday_close, rows=148"
2026-04-25 13:33:18,301581,,source:tencent,request_or_parse_failed,"HTTPSConnectionPool(host='web.ifzq.gtimg.cn', port=443): Read timed out. (read timeout=10)"
2026-04-25 13:33:21,301584,,daily_cache,no_kline_data,"status=yesterday_close, rows=137"
2026-04-25 13:33:33,301590,,daily_cache,no_kline_data,"status=yesterday_close, rows=217"
2026-04-25 13:33:40,301595,,daily_cache,no_kline_data,"status=yesterday_close, rows=229"
2026-04-25 13:49:36,301609,,daily_cache,no_kline_data,"status=yesterday_close, rows=183"
2026-04-25 13:49:56,301630,,daily_cache,no_kline_data,"status=yesterday_close, rows=192"
2026-04-25 13:50:00,301632,,daily_cache,no_kline_data,"status=yesterday_close, rows=169"
2026-04-25 13:50:04,301636,,daily_cache,no_kline_data,"status=yesterday_close, rows=230"
2026-04-25 13:50:06,301638,,daily_cache,no_kline_data,"status=yesterday_close, rows=105"
2026-04-25 13:50:08,301656,,daily_cache,no_kline_data,"status=yesterday_close, rows=137"
2026-04-25 13:50:12,301662,,daily_cache,no_kline_data,"status=yesterday_close, rows=248"
2026-04-25 13:50:16,301666,,daily_cache,no_kline_data,"status=yesterday_close, rows=7"
2026-04-25 13:50:19,301667,,daily_cache,no_kline_data,"status=yesterday_close, rows=80"
2026-04-25 13:50:21,301668,,daily_cache,no_kline_data,"status=yesterday_close, rows=136"
2026-04-25 13:50:23,301678,,daily_cache,no_kline_data,"status=yesterday_close, rows=206"
2026-04-25 13:50:25,301680,,daily_cache,no_kline_data,"status=yesterday_close, rows=35"
2026-04-25 13:50:27,301682,,daily_cache,no_kline_data,"status=yesterday_close, rows=22"
2026-04-25 13:50:29,301683,,daily_cache,no_kline_data,"status=yesterday_close, rows=17"
2026-04-25 13:50:31,301687,,daily_cache,no_kline_data,"status=yesterday_close, rows=74"
2026-04-25 13:50:33,301696,,daily_cache,no_kline_data,"status=yesterday_close, rows=11"
2026-04-25 16:06:42,600282,,source:tencent,request_or_parse_failed,"HTTPSConnectionPool(host='web.ifzq.gtimg.cn', port=443): Read timed out. (read timeout=10)"
2026-04-25 16:18:28,600310,,source:tencent,request_or_parse_failed,"HTTPSConnectionPool(host='web.ifzq.gtimg.cn', port=443): Read timed out. (read timeout=10)"
2026-04-25 16:53:27,600367,,source:sina_history,request_or_parse_failed,"HTTPSConnectionPool(host='money.finance.sina.com.cn', port=443): Read timed out. (read timeout=8)"
2026-04-25 17:19:28,600446,,source:tencent,request_or_parse_failed,"HTTPConnectionPool(host='web.ifzq.gtimg.cn', port=80): Read timed out. (read timeout=10)"
2026-04-25 18:20:28,600576,,source:tencent,request_or_parse_failed,"HTTPSConnectionPool(host='web.ifzq.gtimg.cn', port=443): Read timed out. (read timeout=10)"
2026-04-25 18:37:52,600596,,source:tencent,request_or_parse_failed,"HTTPSConnectionPool(host='web.ifzq.gtimg.cn', port=443): Read timed out. (read timeout=10)"
2026-04-25 18:53:45,600619,,source:tencent,request_or_parse_failed,"HTTPSConnectionPool(host='web.ifzq.gtimg.cn', port=443): Read timed out. (read timeout=10)"
2026-04-25 20:55:40,600930,,daily_cache,no_kline_data,"status=yesterday_close, rows=188"
2026-04-25 21:40:38,601016,,source:tencent,request_or_parse_failed,"HTTPConnectionPool(host='web.ifzq.gtimg.cn', port=80): Read timed out. (read timeout=10)"
2026-04-25 21:40:51,601026,,daily_cache,no_kline_data,"status=yesterday_close, rows=127"
2026-04-25 21:56:57,601112,,daily_cache,no_kline_data,"status=yesterday_close, rows=55"
2026-04-25 22:44:44,603005,,source:tencent,request_or_parse_failed,"HTTPSConnectionPool(host='web.ifzq.gtimg.cn', port=443): Read timed out. (read timeout=10)"
2026-04-25 22:45:03,603014,,daily_cache,no_kline_data,"status=yesterday_close, rows=219"
2026-04-25 23:01:27,603026,,source:tencent,request_or_parse_failed,"HTTPSConnectionPool(host='web.ifzq.gtimg.cn', port=443): Read timed out. (read timeout=10)"
2026-04-25 23:18:43,603045,,source:sina_history,request_or_parse_failed,"HTTPSConnectionPool(host='money.finance.sina.com.cn', port=443): Read timed out. (read timeout=8)"
2026-04-25 23:18:47,603049,,daily_cache,no_kline_data,"status=yesterday_close, rows=217"
2026-04-25 23:25:59,603092,,daily_cache,no_kline_data,"status=yesterday_close, rows=112"
2026-04-25 23:43:48,603120,,daily_cache,no_kline_data,"status=yesterday_close, rows=249"
2026-04-26 00:15:51,603175,,daily_cache,no_kline_data,"status=yesterday_close, rows=122"
2026-04-26 00:16:44,603202,,daily_cache,no_kline_data,"status=yesterday_close, rows=243"
2026-04-26 00:26:28,603205,,source:tencent,request_or_parse_failed,"HTTPSConnectionPool(host='web.ifzq.gtimg.cn', port=443): Read timed out. (read timeout=10)"
2026-04-26 00:44:13,603223,,source:sina_history,request_or_parse_failed,"HTTPSConnectionPool(host='money.finance.sina.com.cn', port=443): Read timed out. (read timeout=8)"
2026-04-26 00:44:43,603248,,daily_cache,no_kline_data,"status=yesterday_close, rows=80"
2026-04-26 00:44:58,603262,,daily_cache,no_kline_data,"status=yesterday_close, rows=183"
2026-04-26 01:02:16,603284,,daily_cache,no_kline_data,"status=yesterday_close, rows=47"
2026-04-26 01:02:30,603293,,daily_cache,no_kline_data,"status=yesterday_close, rows=7"
2026-04-26 01:27:39,603334,,daily_cache,no_kline_data,"status=yesterday_close, rows=114"
2026-04-26 01:28:04,603352,,daily_cache,no_kline_data,"status=yesterday_close, rows=65"
2026-04-26 01:44:26,603370,,daily_cache,no_kline_data,"status=yesterday_close, rows=151"
2026-04-26 01:44:32,603376,,daily_cache,no_kline_data,"status=yesterday_close, rows=113"
2026-04-26 01:44:42,603382,,daily_cache,no_kline_data,"status=yesterday_close, rows=212"
2026-04-26 02:02:29,603400,,daily_cache,no_kline_data,"status=yesterday_close, rows=206"
2026-04-26 02:02:31,603402,,daily_cache,no_kline_data,"status=yesterday_close, rows=72"
2026-04-26 02:02:33,603406,,daily_cache,no_kline_data,"status=yesterday_close, rows=171"
2026-04-26 02:02:41,603418,,daily_cache,no_kline_data,"status=yesterday_close, rows=139"
2026-04-26 02:02:53,603459,,daily_cache,no_kline_data,"status=yesterday_close, rows=13"
2026-04-26 03:02:31,603665,,source:tencent,request_or_parse_failed,"HTTPSConnectionPool(host='web.ifzq.gtimg.cn', port=443): Read timed out. (read timeout=10)"
2026-04-26 03:18:32,603690,,source:tencent,request_or_parse_failed,"HTTPSConnectionPool(host='web.ifzq.gtimg.cn', port=443): Read timed out. (read timeout=10)"
2026-04-26 03:46:29,603779,,source:tencent,request_or_parse_failed,"HTTPSConnectionPool(host='web.ifzq.gtimg.cn', port=443): Read timed out. (read timeout=10)"
2026-04-26 04:21:28,603922,,source:tencent,request_or_parse_failed,"HTTPSConnectionPool(host='web.ifzq.gtimg.cn', port=443): Read timed out. (read timeout=10)"
2026-04-26 04:30:28,603966,,source:tencent,request_or_parse_failed,"HTTPSConnectionPool(host='web.ifzq.gtimg.cn', port=443): Read timed out. (read timeout=10)"
2026-04-26 04:47:49,605005,,source:sina_history,request_or_parse_failed,"HTTPSConnectionPool(host='money.finance.sina.com.cn', port=443): Read timed out. (read timeout=8)"
2026-04-26 06:04:19,688005,,source:tencent,request_or_parse_failed,"HTTPSConnectionPool(host='web.ifzq.gtimg.cn', port=443): Read timed out."
2026-04-26 06:22:13,688026,,source:tencent,request_or_parse_failed,"HTTPSConnectionPool(host='web.ifzq.gtimg.cn', port=443): Read timed out. (read timeout=10)"
2026-04-26 06:32:28,688049,,source:tencent,request_or_parse_failed,"HTTPSConnectionPool(host='web.ifzq.gtimg.cn', port=443): Read timed out. (read timeout=10)"
2026-04-26 06:50:23,688082,,source:tencent,request_or_parse_failed,"HTTPSConnectionPool(host='web.ifzq.gtimg.cn', port=443): Read timed out. (read timeout=10)"
2026-04-26 08:23:24,688255,,source:sina_history,request_or_parse_failed,"HTTPSConnectionPool(host='money.finance.sina.com.cn', port=443): Read timed out. (read timeout=8)"
2026-04-26 09:07:16,688338,,source:tencent,request_or_parse_failed,"HTTPSConnectionPool(host='web.ifzq.gtimg.cn', port=443): Read timed out."
2026-04-26 10:24:46,688526,,source:tencent,request_or_parse_failed,"HTTPSConnectionPool(host='web.ifzq.gtimg.cn', port=443): Read timed out. (read timeout=10)"
2026-04-26 10:36:28,688557,,source:tencent,request_or_parse_failed,"HTTPSConnectionPool(host='web.ifzq.gtimg.cn', port=443): Read timed out. (read timeout=10)"
2026-04-26 10:52:54,688578,,source:tencent,request_or_parse_failed,"HTTPSConnectionPool(host='web.ifzq.gtimg.cn', port=443): Read timed out. (read timeout=10)"
2026-04-26 11:10:38,688607,,source:tencent,request_or_parse_failed,"HTTPSConnectionPool(host='web.ifzq.gtimg.cn', port=443): Read timed out. (read timeout=10)"
2026-04-26 11:13:10,688712,,daily_cache,no_kline_data,"status=yesterday_close, rows=50"
2026-04-26 11:13:28,688727,,daily_cache,no_kline_data,"status=yesterday_close, rows=105"
2026-04-26 11:13:32,688729,,daily_cache,no_kline_data,"status=yesterday_close, rows=194"
2026-04-26 11:13:43,688755,,daily_cache,no_kline_data,"status=yesterday_close, rows=230"
2026-04-26 11:13:49,688759,,daily_cache,no_kline_data,"status=yesterday_close, rows=120"
2026-04-26 11:13:51,688765,,daily_cache,no_kline_data,"status=yesterday_close, rows=120"
2026-04-26 11:14:01,688775,,daily_cache,no_kline_data,"status=yesterday_close, rows=213"
2026-04-26 11:14:11,688781,,daily_cache,no_kline_data,"status=yesterday_close, rows=22"
2026-04-26 11:14:13,688783,,daily_cache,no_kline_data,"status=yesterday_close, rows=120"
2026-04-26 11:14:15,688785,,daily_cache,no_kline_data,"status=yesterday_close, rows=56"
2026-04-26 11:14:25,688790,,daily_cache,no_kline_data,"status=yesterday_close, rows=85"
2026-04-26 11:14:29,688795,,daily_cache,no_kline_data,"status=yesterday_close, rows=92"
2026-04-26 11:14:31,688796,,daily_cache,no_kline_data,"status=yesterday_close, rows=89"
2026-04-26 11:14:39,688802,,daily_cache,no_kline_data,"status=yesterday_close, rows=84"
2026-04-26 11:14:41,688805,,daily_cache,no_kline_data,"status=yesterday_close, rows=79"
2026-04-26 11:14:43,688807,,daily_cache,no_kline_data,"status=yesterday_close, rows=82"
2026-04-26 11:14:45,688808,,daily_cache,no_kline_data,"status=yesterday_close, rows=1"
2026-04-26 11:14:47,688809,,daily_cache,no_kline_data,"status=yesterday_close, rows=75"
2026-04-26 11:14:49,688811,,daily_cache,no_kline_data,"status=yesterday_close, rows=11"
2026-04-26 11:14:51,688813,,daily_cache,no_kline_data,"status=yesterday_close, rows=18"
2026-04-26 11:14:53,688816,,daily_cache,no_kline_data,"status=yesterday_close, rows=46"
2026-04-26 11:14:55,688818,,daily_cache,no_kline_data,"status=yesterday_close, rows=47"
2026-04-26 11:14:59,688820,,daily_cache,no_kline_data,"status=yesterday_close, rows=4"
2026-04-26 11:15:02,920000,,daily_cache,no_kline_data,"status=yesterday_close, rows=1"
2026-04-26 11:15:03,920001,,daily_cache,no_kline_data,"status=yesterday_close, rows=1"
2026-04-26 11:15:04,920002,,daily_cache,no_kline_data,"status=yesterday_close, rows=1"
2026-04-26 11:15:05,920003,,daily_cache,no_kline_data,"status=yesterday_close, rows=1"
2026-04-26 11:15:06,920005,,daily_cache,no_kline_data,"status=yesterday_close, rows=1"
2026-04-26 11:15:07,920006,,daily_cache,no_kline_data,"status=yesterday_close, rows=1"
2026-04-26 11:15:08,920007,,daily_cache,no_kline_data,"status=yesterday_close, rows=1"
2026-04-26 11:15:09,920008,,daily_cache,no_kline_data,"status=yesterday_close, rows=1"
2026-04-26 11:15:10,920009,,daily_cache,no_kline_data,"status=yesterday_close, rows=1"
2026-04-26 11:15:11,920010,,daily_cache,no_kline_data,"status=yesterday_close, rows=1"
2026-04-26 11:15:12,920011,,daily_cache,no_kline_data,"status=yesterday_close, rows=1"
2026-04-26 11:15:13,920012,,daily_cache,no_kline_data,"status=yesterday_close, rows=1"
2026-04-26 11:15:14,920014,,daily_cache,no_kline_data,"status=yesterday_close, rows=1"
2026-04-26 11:15:15,920015,,daily_cache,no_kline_data,"status=yesterday_close, rows=1"
2026-04-26 11:15:16,920016,,daily_cache,no_kline_data,"status=yesterday_close, rows=1"
2026-04-26 11:15:17,920017,,daily_cache,no_kline_data,"status=yesterday_close, rows=1"
2026-04-26 11:15:18,920018,,daily_cache,no_kline_data,"status=yesterday_close, rows=1"
2026-04-26 11:15:19,920019,,daily_cache,no_kline_data,"status=yesterday_close, rows=1"
2026-04-26 11:15:20,920020,,daily_cache,no_kline_data,"status=yesterday_close, rows=1"
2026-04-26 11:15:21,920021,,daily_cache,no_kline_data,"status=yesterday_close, rows=1"
2026-04-26 11:15:22,920022,,daily_cache,no_kline_data,"status=yesterday_close, rows=1"
2026-04-26 11:15:23,920023,,daily_cache,no_kline_data,"status=yesterday_close, rows=1"
2026-04-26 11:15:24,920026,,daily_cache,no_kline_data,"status=yesterday_close, rows=1"
2026-04-26 11:15:25,920027,,daily_cache,no_kline_data,"status=yesterday_close, rows=1"
2026-04-26 11:15:26,920028,,daily_cache,no_kline_data,"status=yesterday_close, rows=1"
2026-04-26 11:15:27,920029,,daily_cache,no_kline_data,"status=yesterday_close, rows=1"
2026-04-26 11:15:28,920030,,daily_cache,no_kline_data,"status=yesterday_close, rows=1"
2026-04-26 11:15:29,920033,,daily_cache,no_kline_data,"status=yesterday_close, rows=1"
2026-04-26 11:15:30,920035,,daily_cache,no_kline_data,"status=yesterday_close, rows=1"
2026-04-26 11:15:31,920036,,daily_cache,no_kline_data,"status=yesterday_close, rows=1"
2026-04-26 11:15:32,920037,,daily_cache,no_kline_data,"status=yesterday_close, rows=1"
2026-04-26 11:15:33,920039,,daily_cache,no_kline_data,"status=yesterday_close, rows=1"
2026-04-26 11:15:35,920045,,daily_cache,no_kline_data,"status=yesterday_close, rows=1"
2026-04-26 11:15:35,920046,,daily_cache,no_kline_data,"status=yesterday_close, rows=1"
2026-04-26 11:15:36,920047,,daily_cache,no_kline_data,"status=yesterday_close, rows=1"
2026-04-26 11:15:37,920050,,daily_cache,no_kline_data,"status=yesterday_close, rows=1"
2026-04-26 11:15:39,920055,,daily_cache,no_kline_data,"status=yesterday_close, rows=1"
2026-04-26 11:15:40,920056,,daily_cache,no_kline_data,"status=yesterday_close, rows=1"
2026-04-26 11:15:41,920057,,daily_cache,no_kline_data,"status=yesterday_close, rows=1"
2026-04-26 11:15:42,920058,,daily_cache,no_kline_data,"status=yesterday_close, rows=1"
2026-04-26 11:15:43,920060,,daily_cache,no_kline_data,"status=yesterday_close, rows=1"
2026-04-26 11:15:44,920061,,daily_cache,no_kline_data,"status=yesterday_close, rows=1"
2026-04-26 11:15:45,920062,,daily_cache,no_kline_data,"status=yesterday_close, rows=1"
2026-04-26 11:15:46,920066,,daily_cache,no_kline_data,"status=yesterday_close, rows=1"
2026-04-26 11:15:47,920068,,daily_cache,no_kline_data,"status=yesterday_close, rows=1"
2026-04-26 11:15:48,920069,,daily_cache,no_kline_data,"status=yesterday_close, rows=1"
2026-04-26 11:15:49,920075,,daily_cache,no_kline_data,"status=yesterday_close, rows=1"
2026-04-26 11:15:50,920076,,daily_cache,no_kline_data,"status=yesterday_close, rows=1"
2026-04-26 11:15:51,920077,,daily_cache,no_kline_data,"status=yesterday_close, rows=1"
2026-04-26 11:15:52,920078,,daily_cache,no_kline_data,"status=yesterday_close, rows=1"
2026-04-26 11:15:53,920080,,daily_cache,no_kline_data,"status=yesterday_close, rows=1"
2026-04-26 11:15:54,920082,,daily_cache,no_kline_data,"status=yesterday_close, rows=1"
2026-04-26 11:15:55,920086,,daily_cache,no_kline_data,"status=yesterday_close, rows=1"
2026-04-26 11:15:56,920087,,daily_cache,no_kline_data,"status=yesterday_close, rows=1"
2026-04-26 11:15:57,920088,,daily_cache,no_kline_data,"status=yesterday_close, rows=1"
2026-04-26 11:15:58,920089,,daily_cache,no_kline_data,"status=yesterday_close, rows=1"
2026-04-26 11:15:59,920091,,daily_cache,no_kline_data,"status=yesterday_close, rows=1"
2026-04-26 11:16:00,920092,,daily_cache,no_kline_data,"status=yesterday_close, rows=1"
2026-04-26 11:16:01,920098,,daily_cache,no_kline_data,"status=yesterday_close, rows=1"
2026-04-26 11:16:02,920099,,daily_cache,no_kline_data,"status=yesterday_close, rows=1"
2026-04-26 11:16:04,920100,,daily_cache,no_kline_data,"status=yesterday_close, rows=1"
2026-04-26 11:16:04,920101,,daily_cache,no_kline_data,"status=yesterday_close, rows=1"
2026-04-26 11:16:05,920106,,daily_cache,no_kline_data,"status=yesterday_close, rows=1"
2026-04-26 11:32:34,920108,,daily_cache,no_kline_data,"status=yesterday_close, rows=1"
2026-04-26 11:32:34,920110,,daily_cache,no_kline_data,"status=yesterday_close, rows=1"
2026-04-26 11:32:35,920111,,daily_cache,no_kline_data,"status=yesterday_close, rows=1"
2026-04-26 11:32:36,920112,,daily_cache,no_kline_data,"status=yesterday_close, rows=1"
2026-04-26 11:32:37,920116,,daily_cache,no_kline_data,"status=yesterday_close, rows=1"
2026-04-26 11:32:38,920118,,daily_cache,no_kline_data,"status=yesterday_close, rows=1"
2026-04-26 11:32:39,920119,,daily_cache,no_kline_data,"status=yesterday_close, rows=1"
2026-04-26 11:32:40,920121,,daily_cache,no_kline_data,"status=yesterday_close, rows=1"
2026-04-26 11:32:41,920122,,daily_cache,no_kline_data,"status=yesterday_close, rows=1"
2026-04-26 11:32:42,920123,,daily_cache,no_kline_data,"status=yesterday_close, rows=1"
2026-04-26 11:32:43,920124,,daily_cache,no_kline_data,"status=yesterday_close, rows=1"
2026-04-26 11:32:44,920125,,daily_cache,no_kline_data,"status=yesterday_close, rows=1"
2026-04-26 11:32:45,920128,,daily_cache,no_kline_data,"status=yesterday_close, rows=1"
2026-04-26 11:32:46,920130,,daily_cache,no_kline_data,"status=yesterday_close, rows=1"
2026-04-26 11:32:47,920132,,daily_cache,no_kline_data,"status=yesterday_close, rows=1"
2026-04-26 11:32:48,920139,,daily_cache,no_kline_data,"status=yesterday_close, rows=1"
2026-04-26 11:32:49,920145,,daily_cache,no_kline_data,"status=yesterday_close, rows=1"
2026-04-26 11:32:50,920146,,daily_cache,no_kline_data,"status=yesterday_close, rows=1"
2026-04-26 11:32:51,920149,,daily_cache,no_kline_data,"status=yesterday_close, rows=1"
2026-04-26 11:32:52,920152,,daily_cache,no_kline_data,"status=yesterday_close, rows=1"
2026-04-26 11:32:53,920158,,daily_cache,no_kline_data,"status=yesterday_close, rows=1"
2026-04-26 11:32:55,920159,,daily_cache,no_kline_data,"status=yesterday_close, rows=1"
2026-04-26 11:32:56,920160,,daily_cache,no_kline_data,"status=yesterday_close, rows=1"
2026-04-26 11:32:57,920163,,daily_cache,no_kline_data,"status=yesterday_close, rows=1"
2026-04-26 11:32:58,920166,,daily_cache,no_kline_data,"status=yesterday_close, rows=1"
2026-04-26 11:32:59,920167,,daily_cache,no_kline_data,"status=yesterday_close, rows=1"
2026-04-26 11:33:00,920168,,daily_cache,no_kline_data,"status=yesterday_close, rows=1"
2026-04-26 11:33:01,920169,,daily_cache,no_kline_data,"status=yesterday_close, rows=1"
2026-04-26 11:33:02,920171,,daily_cache,no_kline_data,"status=yesterday_close, rows=1"
2026-04-26 11:33:03,920174,,daily_cache,no_kline_data,"status=yesterday_close, rows=1"
2026-04-26 11:33:04,920175,,daily_cache,no_kline_data,"status=yesterday_close, rows=1"
2026-04-26 11:33:05,920177,,daily_cache,no_kline_data,"status=yesterday_close, rows=1"
2026-04-26 11:33:06,920179,,daily_cache,no_kline_data,"status=yesterday_close, rows=1"
2026-04-26 11:33:07,920180,,daily_cache,no_kline_data,"status=yesterday_close, rows=1"
2026-04-26 11:33:08,920181,,daily_cache,no_kline_data,"status=yesterday_close, rows=1"
2026-04-26 11:33:09,920183,,daily_cache,no_kline_data,"status=yesterday_close, rows=1"
2026-04-26 11:33:10,920184,,daily_cache,no_kline_data,"status=yesterday_close, rows=1"
2026-04-26 11:33:11,920185,,daily_cache,no_kline_data,"status=yesterday_close, rows=1"
2026-04-26 11:33:12,920187,,daily_cache,no_kline_data,"status=yesterday_close, rows=1"
2026-04-26 11:33:13,920188,,daily_cache,no_kline_data,"status=yesterday_close, rows=1"
2026-04-26 11:33:14,920190,,daily_cache,no_kline_data,"status=yesterday_close, rows=1"
2026-04-26 11:33:15,920191,,daily_cache,no_kline_data,"status=yesterday_close, rows=1"
2026-04-26 11:33:16,920195,,daily_cache,no_kline_data,"status=yesterday_close, rows=1"
2026-04-26 11:33:17,920198,,daily_cache,no_kline_data,"status=yesterday_close, rows=1"
2026-04-26 11:33:18,920199,,daily_cache,no_kline_data,"status=yesterday_close, rows=1"
2026-04-26 11:33:19,920204,,daily_cache,no_kline_data,"status=yesterday_close, rows=1"
2026-04-26 11:37:28,920207,,source:tencent,request_or_parse_failed,"HTTPSConnectionPool(host='web.ifzq.gtimg.cn', port=443): Read timed out. (read timeout=10)"
2026-04-26 11:37:28,920207,,daily_cache,no_kline_data,"status=yesterday_close, rows=1"
2026-04-26 11:37:29,920208,,daily_cache,no_kline_data,"status=yesterday_close, rows=1"
2026-04-26 11:37:30,920212,,daily_cache,no_kline_data,"status=yesterday_close, rows=1"
2026-04-26 11:37:31,920221,,daily_cache,no_kline_data,"status=yesterday_close, rows=1"
2026-04-26 11:37:32,920223,,daily_cache,no_kline_data,"status=yesterday_close, rows=1"
2026-04-26 11:37:33,920225,,daily_cache,no_kline_data,"status=yesterday_close, rows=1"
2026-04-26 11:37:34,920227,,daily_cache,no_kline_data,"status=yesterday_close, rows=1"
2026-04-26 11:37:35,920230,,daily_cache,no_kline_data,"status=yesterday_close, rows=1"
2026-04-26 11:37:36,920237,,daily_cache,no_kline_data,"status=yesterday_close, rows=1"
2026-04-26 11:37:37,920239,,daily_cache,no_kline_data,"status=yesterday_close, rows=1"
2026-04-26 11:37:38,920242,,daily_cache,no_kline_data,"status=yesterday_close, rows=1"
2026-04-26 11:37:39,920245,,daily_cache,no_kline_data,"status=yesterday_close, rows=1"
2026-04-26 11:37:41,920247,,daily_cache,no_kline_data,"status=yesterday_close, rows=1"
2026-04-26 11:37:42,920249,,daily_cache,no_kline_data,"status=yesterday_close, rows=1"
2026-04-26 11:37:42,920252,,daily_cache,no_kline_data,"status=yesterday_close, rows=1"
2026-04-26 11:37:43,920260,,daily_cache,no_kline_data,"status=yesterday_close, rows=1"
2026-04-26 11:37:44,920261,,daily_cache,no_kline_data,"status=yesterday_close, rows=1"
2026-04-26 11:37:45,920262,,daily_cache,no_kline_data,"status=yesterday_close, rows=1"
2026-04-26 11:37:46,920263,,daily_cache,no_kline_data,"status=yesterday_close, rows=1"
2026-04-26 11:37:47,920266,,daily_cache,no_kline_data,"status=yesterday_close, rows=1"
2026-04-26 11:37:48,920267,,daily_cache,no_kline_data,"status=yesterday_close, rows=1"
2026-04-26 11:37:49,920270,,daily_cache,no_kline_data,"status=yesterday_close, rows=1"
2026-04-26 11:37:50,920271,,daily_cache,no_kline_data,"status=yesterday_close, rows=1"
2026-04-26 11:37:51,920273,,daily_cache,no_kline_data,"status=yesterday_close, rows=1"
2026-04-26 11:37:52,920274,,daily_cache,no_kline_data,"status=yesterday_close, rows=1"
2026-04-26 11:37:53,920275,,daily_cache,no_kline_data,"status=yesterday_close, rows=1"
2026-04-26 11:37:54,920278,,daily_cache,no_kline_data,"status=yesterday_close, rows=1"
2026-04-26 11:37:55,920284,,daily_cache,no_kline_data,"status=yesterday_close, rows=1"
2026-04-26 11:37:56,920299,,daily_cache,no_kline_data,"status=yesterday_close, rows=1"
2026-04-26 11:37:57,920300,,daily_cache,no_kline_data,"status=yesterday_close, rows=1"
2026-04-26 11:37:58,920304,,daily_cache,no_kline_data,"status=yesterday_close, rows=1"
2026-04-26 11:38:00,920339,,daily_cache,no_kline_data,"status=yesterday_close, rows=1"
2026-04-26 11:38:00,920344,,daily_cache,no_kline_data,"status=yesterday_close, rows=1"
2026-04-26 11:38:01,920346,,daily_cache,no_kline_data,"status=yesterday_close, rows=1"
2026-04-26 11:38:02,920351,,daily_cache,no_kline_data,"status=yesterday_close, rows=1"
2026-04-26 11:38:03,920357,,daily_cache,no_kline_data,"status=yesterday_close, rows=1"
2026-04-26 11:38:04,920363,,daily_cache,no_kline_data,"status=yesterday_close, rows=1"
2026-04-26 11:55:08,920367,,daily_cache,no_kline_data,"status=yesterday_close, rows=1"
2026-04-26 11:55:08,920368,,daily_cache,no_kline_data,"status=yesterday_close, rows=1"
2026-04-26 11:55:09,920370,,daily_cache,no_kline_data,"status=yesterday_close, rows=1"
2026-04-26 11:55:10,920371,,daily_cache,no_kline_data,"status=yesterday_close, rows=1"
2026-04-26 11:55:11,920374,,daily_cache,no_kline_data,"status=yesterday_close, rows=1"
2026-04-26 11:55:12,920375,,daily_cache,no_kline_data,"status=yesterday_close, rows=1"
2026-04-26 11:55:13,920378,,daily_cache,no_kline_data,"status=yesterday_close, rows=1"
2026-04-26 11:55:14,920392,,daily_cache,no_kline_data,"status=yesterday_close, rows=1"
2026-04-26 11:55:15,920394,,daily_cache,no_kline_data,"status=yesterday_close, rows=1"
2026-04-26 11:55:16,920395,,daily_cache,no_kline_data,"status=yesterday_close, rows=1"
2026-04-26 11:55:18,920396,,daily_cache,no_kline_data,"status=yesterday_close, rows=1"
2026-04-26 11:55:19,920402,,daily_cache,no_kline_data,"status=yesterday_close, rows=1"
2026-04-26 11:55:20,920403,,daily_cache,no_kline_data,"status=yesterday_close, rows=1"
2026-04-26 11:55:21,920405,,daily_cache,no_kline_data,"status=yesterday_close, rows=1"
2026-04-26 11:55:22,920407,,daily_cache,no_kline_data,"status=yesterday_close, rows=1"
2026-04-26 11:55:23,920414,,daily_cache,no_kline_data,"status=yesterday_close, rows=1"
2026-04-26 11:55:24,920415,,daily_cache,no_kline_data,"status=yesterday_close, rows=1"
2026-04-26 11:55:26,920418,,daily_cache,no_kline_data,"status=yesterday_close, rows=1"
2026-04-26 11:55:26,920419,,daily_cache,no_kline_data,"status=yesterday_close, rows=1"
2026-04-26 11:55:27,920422,,daily_cache,no_kline_data,"status=yesterday_close, rows=1"
2026-04-26 11:55:28,920425,,daily_cache,no_kline_data,"status=yesterday_close, rows=1"
2026-04-26 11:55:29,920427,,daily_cache,no_kline_data,"status=yesterday_close, rows=1"
2026-04-26 11:55:31,920429,,daily_cache,no_kline_data,"status=yesterday_close, rows=1"
2026-04-26 11:55:31,920433,,daily_cache,no_kline_data,"status=yesterday_close, rows=1"
2026-04-26 11:55:32,920436,,daily_cache,no_kline_data,"status=yesterday_close, rows=1"
2026-04-26 11:55:33,920438,,daily_cache,no_kline_data,"status=yesterday_close, rows=1"
2026-04-26 11:55:34,920445,,daily_cache,no_kline_data,"status=yesterday_close, rows=1"
2026-04-26 11:55:35,920454,,daily_cache,no_kline_data,"status=yesterday_close, rows=1"
2026-04-26 11:55:36,920455,,daily_cache,no_kline_data,"status=yesterday_close, rows=1"
2026-04-26 11:55:37,920469,,daily_cache,no_kline_data,"status=yesterday_close, rows=1"
2026-04-26 11:55:38,920471,,daily_cache,no_kline_data,"status=yesterday_close, rows=1"
2026-04-26 11:55:39,920475,,daily_cache,no_kline_data,"status=yesterday_close, rows=1"
2026-04-26 11:55:40,920476,,daily_cache,no_kline_data,"status=yesterday_close, rows=1"
2026-04-26 11:55:41,920478,,daily_cache,no_kline_data,"status=yesterday_close, rows=1"
2026-04-26 11:55:42,920489,,daily_cache,no_kline_data,"status=yesterday_close, rows=1"
2026-04-26 11:55:43,920491,,daily_cache,no_kline_data,"status=yesterday_close, rows=1"
2026-04-26 11:55:44,920493,,daily_cache,no_kline_data,"status=yesterday_close, rows=1"
2026-04-26 11:55:45,920496,,daily_cache,no_kline_data,"status=yesterday_close, rows=1"
2026-04-26 11:55:46,920504,,daily_cache,no_kline_data,"status=yesterday_close, rows=1"
2026-04-26 11:55:47,920505,,daily_cache,no_kline_data,"status=yesterday_close, rows=1"
2026-04-26 11:55:48,920508,,daily_cache,no_kline_data,"status=yesterday_close, rows=1"
2026-04-26 11:55:49,920509,,daily_cache,no_kline_data,"status=yesterday_close, rows=1"
2026-04-26 11:55:50,920510,,daily_cache,no_kline_data,"status=yesterday_close, rows=1"
2026-04-26 11:55:51,920519,,daily_cache,no_kline_data,"status=yesterday_close, rows=1"
2026-04-26 11:55:52,920522,,daily_cache,no_kline_data,"status=yesterday_close, rows=1"
2026-04-26 11:55:53,920523,,daily_cache,no_kline_data,"status=yesterday_close, rows=1"
2026-04-26 11:55:54,920526,,daily_cache,no_kline_data,"status=yesterday_close, rows=1"
2026-04-26 11:55:55,920527,,daily_cache,no_kline_data,"status=yesterday_close, rows=1"
2026-04-26 11:55:56,920533,,daily_cache,no_kline_data,"status=yesterday_close, rows=1"
2026-04-26 11:55:57,920541,,daily_cache,no_kline_data,"status=yesterday_close, rows=1"
2026-04-26 11:55:58,920547,,daily_cache,no_kline_data,"status=yesterday_close, rows=1"
2026-04-26 11:55:59,920553,,daily_cache,no_kline_data,"status=yesterday_close, rows=1"
2026-04-26 11:56:00,920556,,daily_cache,no_kline_data,"status=yesterday_close, rows=1"
2026-04-26 11:56:01,920564,,daily_cache,no_kline_data,"status=yesterday_close, rows=1"
2026-04-26 11:56:02,920566,,daily_cache,no_kline_data,"status=yesterday_close, rows=1"
2026-04-26 11:56:03,920570,,daily_cache,no_kline_data,"status=yesterday_close, rows=1"
2026-04-26 11:56:04,920571,,daily_cache,no_kline_data,"status=yesterday_close, rows=1"
2026-04-26 11:56:05,920575,,daily_cache,no_kline_data,"status=yesterday_close, rows=1"
2026-04-26 11:56:06,920576,,daily_cache,no_kline_data,"status=yesterday_close, rows=1"
2026-04-26 11:56:07,920578,,daily_cache,no_kline_data,"status=yesterday_close, rows=1"
2026-04-26 11:56:08,920579,,daily_cache,no_kline_data,"status=yesterday_close, rows=1"
2026-04-26 12:12:36,920580,,daily_cache,no_kline_data,"status=yesterday_close, rows=1"
2026-04-26 12:12:36,920592,,daily_cache,no_kline_data,"status=yesterday_close, rows=1"
2026-04-26 12:12:37,920593,,daily_cache,no_kline_data,"status=yesterday_close, rows=1"
2026-04-26 12:12:38,920599,,daily_cache,no_kline_data,"status=yesterday_close, rows=1"
2026-04-26 12:12:39,920608,,daily_cache,no_kline_data,"status=yesterday_close, rows=1"
2026-04-26 12:12:40,920627,,daily_cache,no_kline_data,"status=yesterday_close, rows=1"
2026-04-26 12:12:41,920634,,daily_cache,no_kline_data,"status=yesterday_close, rows=1"
2026-04-26 12:12:42,920639,,daily_cache,no_kline_data,"status=yesterday_close, rows=1"
2026-04-26 12:12:43,920640,,daily_cache,no_kline_data,"status=yesterday_close, rows=1"
2026-04-26 12:12:44,920641,,daily_cache,no_kline_data,"status=yesterday_close, rows=1"
2026-04-26 12:12:45,920642,,daily_cache,no_kline_data,"status=yesterday_close, rows=1"
2026-04-26 12:12:46,920651,,daily_cache,no_kline_data,"status=yesterday_close, rows=1"
2026-04-26 12:12:47,920656,,daily_cache,no_kline_data,"status=yesterday_close, rows=1"
2026-04-26 12:12:48,920662,,daily_cache,no_kline_data,"status=yesterday_close, rows=1"
2026-04-26 12:12:49,920663,,daily_cache,no_kline_data,"status=yesterday_close, rows=1"
2026-04-26 12:12:50,920665,,daily_cache,no_kline_data,"status=yesterday_close, rows=1"
2026-04-26 12:12:51,920670,,daily_cache,no_kline_data,"status=yesterday_close, rows=1"
2026-04-26 12:12:52,920675,,daily_cache,no_kline_data,"status=yesterday_close, rows=1"
2026-04-26 12:12:53,920679,,daily_cache,no_kline_data,"status=yesterday_close, rows=1"
2026-04-26 12:12:54,920682,,daily_cache,no_kline_data,"status=yesterday_close, rows=1"
2026-04-26 12:12:55,920685,,daily_cache,no_kline_data,"status=yesterday_close, rows=1"
2026-04-26 12:12:57,920689,,daily_cache,no_kline_data,"status=yesterday_close, rows=1"
2026-04-26 12:12:58,920690,,daily_cache,no_kline_data,"status=yesterday_close, rows=1"
2026-04-26 12:12:59,920693,,daily_cache,no_kline_data,"status=yesterday_close, rows=1"
2026-04-26 12:13:00,920694,,daily_cache,no_kline_data,"status=yesterday_close, rows=1"
2026-04-26 12:13:01,920699,,daily_cache,no_kline_data,"status=yesterday_close, rows=1"
2026-04-26 12:13:02,920701,,daily_cache,no_kline_data,"status=yesterday_close, rows=1"
2026-04-26 12:13:03,920703,,daily_cache,no_kline_data,"status=yesterday_close, rows=1"
2026-04-26 12:13:04,920706,,daily_cache,no_kline_data,"status=yesterday_close, rows=1"
2026-04-26 12:13:05,920717,,daily_cache,no_kline_data,"status=yesterday_close, rows=1"
2026-04-26 12:13:06,920718,,daily_cache,no_kline_data,"status=yesterday_close, rows=1"
2026-04-26 12:13:07,920719,,daily_cache,no_kline_data,"status=yesterday_close, rows=1"
2026-04-26 12:13:08,920720,,daily_cache,no_kline_data,"status=yesterday_close, rows=1"
2026-04-26 12:13:09,920725,,daily_cache,no_kline_data,"status=yesterday_close, rows=1"
2026-04-26 12:13:10,920726,,daily_cache,no_kline_data,"status=yesterday_close, rows=1"
2026-04-26 12:13:11,920729,,daily_cache,no_kline_data,"status=yesterday_close, rows=1"
2026-04-26 12:13:12,920735,,daily_cache,no_kline_data,"status=yesterday_close, rows=1"
2026-04-26 12:13:13,920748,,daily_cache,no_kline_data,"status=yesterday_close, rows=1"
2026-04-26 12:13:14,920751,,daily_cache,no_kline_data,"status=yesterday_close, rows=1"
2026-04-26 12:13:15,920753,,daily_cache,no_kline_data,"status=yesterday_close, rows=1"
2026-04-26 12:13:16,920765,,daily_cache,no_kline_data,"status=yesterday_close, rows=1"
2026-04-26 12:13:17,920768,,daily_cache,no_kline_data,"status=yesterday_close, rows=1"
2026-04-26 12:13:18,920770,,daily_cache,no_kline_data,"status=yesterday_close, rows=1"
2026-04-26 12:13:19,920779,,daily_cache,no_kline_data,"status=yesterday_close, rows=1"
2026-04-26 12:13:20,920781,,daily_cache,no_kline_data,"status=yesterday_close, rows=1"
2026-04-26 12:13:21,920786,,daily_cache,no_kline_data,"status=yesterday_close, rows=1"
2026-04-26 12:18:28,920790,,daily_cache,no_kline_data,"status=yesterday_close, rows=1"
2026-04-26 12:18:28,920792,,daily_cache,no_kline_data,"status=yesterday_close, rows=1"
2026-04-26 12:18:29,920799,,daily_cache,no_kline_data,"status=yesterday_close, rows=1"
2026-04-26 12:18:30,920802,,daily_cache,no_kline_data,"status=yesterday_close, rows=1"
2026-04-26 12:18:31,920806,,daily_cache,no_kline_data,"status=yesterday_close, rows=1"
2026-04-26 12:18:32,920807,,daily_cache,no_kline_data,"status=yesterday_close, rows=1"
2026-04-26 12:18:33,920808,,daily_cache,no_kline_data,"status=yesterday_close, rows=1"
2026-04-26 12:18:34,920809,,daily_cache,no_kline_data,"status=yesterday_close, rows=1"
2026-04-26 12:18:35,920810,,daily_cache,no_kline_data,"status=yesterday_close, rows=1"
2026-04-26 12:18:36,920819,,daily_cache,no_kline_data,"status=yesterday_close, rows=1"
2026-04-26 12:18:37,920821,,daily_cache,no_kline_data,"status=yesterday_close, rows=1"
2026-04-26 12:18:38,920826,,daily_cache,no_kline_data,"status=yesterday_close, rows=1"
2026-04-26 12:18:39,920832,,daily_cache,no_kline_data,"status=yesterday_close, rows=1"
2026-04-26 12:18:40,920833,,daily_cache,no_kline_data,"status=yesterday_close, rows=1"
2026-04-26 12:18:41,920834,,daily_cache,no_kline_data,"status=yesterday_close, rows=1"
2026-04-26 12:18:42,920837,,daily_cache,no_kline_data,"status=yesterday_close, rows=1"
2026-04-26 12:18:43,920839,,daily_cache,no_kline_data,"status=yesterday_close, rows=1"
2026-04-26 12:18:44,920855,,daily_cache,no_kline_data,"status=yesterday_close, rows=1"
2026-04-26 12:18:45,920856,,daily_cache,no_kline_data,"status=yesterday_close, rows=1"
2026-04-26 12:18:46,920857,,daily_cache,no_kline_data,"status=yesterday_close, rows=1"
2026-04-26 12:18:47,920866,,daily_cache,no_kline_data,"status=yesterday_close, rows=1"
2026-04-26 12:18:48,920870,,daily_cache,no_kline_data,"status=yesterday_close, rows=1"
2026-04-26 12:18:50,920871,,daily_cache,no_kline_data,"status=yesterday_close, rows=1"
2026-04-26 12:18:51,920873,,daily_cache,no_kline_data,"status=yesterday_close, rows=1"
2026-04-26 12:18:51,920876,,daily_cache,no_kline_data,"status=yesterday_close, rows=1"
2026-04-26 12:18:52,920879,,daily_cache,no_kline_data,"status=yesterday_close, rows=1"
2026-04-26 12:18:53,920885,,daily_cache,no_kline_data,"status=yesterday_close, rows=1"
2026-04-26 12:18:54,920892,,daily_cache,no_kline_data,"status=yesterday_close, rows=1"
2026-04-26 12:18:55,920895,,daily_cache,no_kline_data,"status=yesterday_close, rows=1"
2026-04-26 12:18:56,920896,,daily_cache,no_kline_data,"status=yesterday_close, rows=1"
2026-04-26 12:18:57,920906,,daily_cache,no_kline_data,"status=yesterday_close, rows=1"
2026-04-26 12:18:58,920914,,daily_cache,no_kline_data,"status=yesterday_close, rows=1"
2026-04-26 12:18:59,920924,,daily_cache,no_kline_data,"status=yesterday_close, rows=1"
2026-04-26 12:19:00,920925,,daily_cache,no_kline_data,"status=yesterday_close, rows=1"
2026-04-26 12:19:02,920926,,daily_cache,no_kline_data,"status=yesterday_close, rows=1"
2026-04-26 12:19:02,920931,,daily_cache,no_kline_data,"status=yesterday_close, rows=1"
2026-04-26 12:19:03,920932,,daily_cache,no_kline_data,"status=yesterday_close, rows=1"
2026-04-26 12:19:05,920942,,daily_cache,no_kline_data,"status=yesterday_close, rows=1"
2026-04-26 12:19:05,920943,,daily_cache,no_kline_data,"status=yesterday_close, rows=1"
2026-04-26 12:19:07,920946,,daily_cache,no_kline_data,"status=yesterday_close, rows=1"
2026-04-26 12:19:08,920950,,daily_cache,no_kline_data,"status=yesterday_close, rows=1"
2026-04-26 12:19:09,920953,,daily_cache,no_kline_data,"status=yesterday_close, rows=1"
2026-04-26 12:19:10,920957,,daily_cache,no_kline_data,"status=yesterday_close, rows=1"
2026-04-26 12:19:11,920961,,daily_cache,no_kline_data,"status=yesterday_close, rows=1"
2026-04-26 12:19:12,920964,,daily_cache,no_kline_data,"status=yesterday_close, rows=1"
2026-04-26 12:19:13,920970,,daily_cache,no_kline_data,"status=yesterday_close, rows=1"
2026-04-26 12:19:14,920971,,daily_cache,no_kline_data,"status=yesterday_close, rows=1"
2026-04-26 12:35:58,920974,,daily_cache,no_kline_data,"status=yesterday_close, rows=1"
2026-04-26 12:35:59,920976,,daily_cache,no_kline_data,"status=yesterday_close, rows=1"
2026-04-26 12:36:00,920978,,daily_cache,no_kline_data,"status=yesterday_close, rows=1"
2026-04-26 12:36:01,920981,,daily_cache,no_kline_data,"status=yesterday_close, rows=1"
2026-04-26 12:36:02,920982,,daily_cache,no_kline_data,"status=yesterday_close, rows=1"
2026-04-26 12:36:03,920985,,daily_cache,no_kline_data,"status=yesterday_close, rows=1"
2026-04-26 12:36:04,920992,,daily_cache,no_kline_data,"status=yesterday_close, rows=1"
